internship_id,student_id,match_score,skill_match,location_match,department_match
28,512,26,43,0,0
52,2585,25,42,0,0
2,1123,61,52,50,100
25,2633,44,56,50,0
66,1433,53,55,100,0
55,1938,55,91,0,0
12,1730,70,84,0,100
57,2576,45,58,50,0
90,1925,96,94,100,100
97,1004,62,53,50,100
59,3032,36,44,50,0
77,1961,61,69,0,100
9,401,71,52,100,100
62,2388,79,82,50,100
64,2541,76,77,50,100
57,2202,58,64,100,0
86,917,61,85,50,0
12,1579,49,65,50,0
84,2608,49,49,100,0
72,2610,72,86,0,100
20,1585,68,64,50,100
32,1204,55,59,100,0
57,896,67,79,100,0
51,1531,77,95,100,0
67,3035,86,77,100,100
44,867,50,84,0,0
67,1783,51,52,100,0
25,2866,72,54,100,100
62,106,51,51,100,0
37,1444,58,80,50,0
10,453,46,44,100,0
73,2639,66,43,100,100
52,688,58,47,50,100
37,895,45,75,0,0
19,59,54,57,0,100
27,307,62,87,50,0
44,1965,54,73,50,0
78,2009,48,46,0,100
84,1167,73,89,0,100
96,1100,55,42,50,100
77,2274,60,66,100,0
85,1461,95,92,100,100
49,2302,58,47,50,100
6,1300,49,65,50,0
8,266,55,59,0,100
97,627,79,65,100,100
49,3039,58,63,100,0
29,2579,93,88,100,100
26,250,60,67,100,0
45,2584,66,44,100,100
41,1384,51,52,100,0
21,2500,92,87,100,100
26,173,59,65,0,100
41,2521,49,65,50,0
1,2614,83,89,50,100
50,382,47,45,100,0
26,1334,50,83,0,0
57,1436,74,90,0,100
95,2520,54,56,0,100
13,906,34,40,50,0
49,2792,71,85,100,0
39,2288,53,89,0,0
14,1495,71,85,0,100
55,2198,76,60,100,100
19,1682,77,95,0,100
14,1154,72,70,50,100
57,158,72,70,50,100
2,2170,73,89,100,0
71,2253,98,97,100,100
26,1104,73,55,100,100
43,873,82,70,100,100
13,2949,65,59,50,100
48,2669,83,89,50,100
59,1158,66,60,50,100
27,2894,79,65,100,100
79,2119,69,48,100,100
12,280,48,64,50,0
89,1277,64,74,0,100
52,1863,57,61,100,0
71,2347,59,98,0,0
34,2666,45,42,100,0
38,2229,66,60,50,100
37,709,46,77,0,0
92,1108,62,53,50,100
11,364,83,71,100,100
19,676,55,59,100,0
57,1176,73,71,50,100
14,820,98,97,100,100
90,2081,73,72,50,100
80,303,65,92,50,0
84,1878,35,58,0,0
57,868,37,62,0,0
28,1113,52,86,0,0
10,1726,36,43,50,0
80,2259,73,72,50,100
10,83,66,60,50,100
83,2899,76,76,50,100
19,2772,68,63,50,100
12,593,76,60,100,100
14,2471,59,65,100,0
51,2630,54,74,50,0
14,2857,36,60,0,0
97,597,64,74,0,100
33,520,28,46,0,0
33,1651,47,45,100,0
52,112,42,54,50,0
42,2726,67,62,50,100
66,2973,58,64,0,100
85,2887,58,64,100,0
45,2232,43,72,0,0
63,2027,48,64,50,0
55,2587,73,71,50,100
30,522,76,77,50,100
30,2325,52,53,0,100
33,2981,55,59,0,100
72,1029,38,47,50,0
45,2236,34,56,0,0
97,2339,36,44,50,0
70,11,70,84,100,0
79,980,95,91,100,100
59,1927,61,85,50,0
31,993,46,43,100,0
32,1827,62,53,50,100
89,331,49,48,0,100
25,1993,58,63,0,100
80,553,53,88,0,0
66,2754,83,72,100,100
89,1562,84,74,100,100
32,66,61,69,0,100
16,1094,64,90,50,0
88,321,37,61,0,0
1,1531,80,67,100,100
83,628,74,90,0,100
14,1019,78,97,0,100
5,1879,58,63,0,100
68,2554,47,45,0,100
51,649,63,88,50,0
77,1605,77,61,100,100
51,1469,54,57,100,0
9,3017,61,68,100,0
59,2238,89,81,100,100
17,2476,59,81,50,0
4,338,53,72,50,0
8,1498,63,72,0,100
66,2451,67,95,50,0
18,1145,45,59,50,0
85,481,61,69,0,100
6,272,65,41,100,100
61,2324,59,99,0,0
8,220,90,83,100,100
64,1664,99,99,100,100
60,2949,77,78,50,100
83,1536,25,41,0,0
55,1855,52,54,0,100
54,181,60,100,0,0
18,2611,69,81,0,100
89,1192,73,71,50,100
89,1863,69,82,0,100
82,834,94,90,100,100
47,2355,50,66,50,0
57,1986,60,84,50,0
40,2442,32,54,0,0
17,916,52,70,50,0
77,565,58,64,0,100
29,1088,74,56,100,100
49,1513,49,49,100,0
23,1467,52,86,0,0
31,913,34,56,0,0
32,1967,34,57,0,0
21,1600,86,93,50,100
38,2506,97,95,100,100
42,1329,74,90,100,0
76,1265,40,50,50,0
11,1119,88,80,100,100
16,3041,58,80,50,0
24,2476,49,48,0,100
37,1492,61,68,100,0
88,1349,69,81,0,100
90,2589,68,64,50,100
13,679,27,45,0,0
17,1008,73,55,100,100
65,352,66,93,50,0
73,2408,87,95,50,100
34,2698,84,73,100,100
79,1693,78,97,0,100
45,2808,26,44,0,0
7,2695,82,70,100,100
50,1110,38,63,0,0
30,2269,39,48,50,0
3,743,81,68,100,100
30,3028,60,66,100,0
17,1997,80,66,100,100
16,484,49,49,100,0
13,1768,54,57,0,100
22,2272,66,60,50,100
9,2999,100,100,100,100
19,2430,76,76,50,100
80,252,45,58,50,0
58,1265,66,93,50,0
73,1988,80,83,50,100
27,1605,31,51,0,0
12,1429,70,83,100,0
65,752,54,74,50,0
83,1849,66,60,50,100
21,2138,43,71,0,0
95,2896,45,59,50,0
16,2302,55,59,0,100
68,2959,51,68,50,0
81,2820,67,62,50,100
12,1938,28,46,0,0
85,1244,62,70,0,100
1,417,80,84,50,100
78,1973,67,95,50,0
1,531,55,58,0,100
29,2281,31,52,0,0
78,988,37,45,50,0
57,1216,35,59,0,0
65,2908,85,75,100,100
70,2681,74,57,100,100
85,218,87,78,100,100
37,2236,100,100,100,100
12,2003,85,92,50,100
21,1640,25,41,0,0
49,2375,57,79,50,0
88,1905,26,44,0,0
65,1646,33,55,0,0
50,2946,81,69,100,100
74,361,99,99,100,100
9,2915,68,46,100,100
3,450,52,53,100,0
44,631,69,81,100,0
19,2545,39,49,50,0
26,1297,79,82,50,100
44,2247,72,86,100,0
46,143,83,88,50,100
87,2514,60,84,50,0
55,2032,53,55,100,0
13,354,65,91,50,0
26,2978,26,44,0,0
63,2192,70,84,0,100
88,810,68,64,50,100
31,2718,77,95,100,0
95,2104,83,88,50,100
11,825,74,56,100,100
56,1119,56,94,0,0
14,2617,54,90,0,0
66,2231,94,90,100,100
42,1127,76,77,50,100
35,1221,68,80,100,0
6,408,63,72,0,100
92,157,25,41,0,0
23,2747,34,40,50,0
34,2333,49,48,0,100
43,1813,57,61,100,0
5,614,73,72,50,100
6,1935,71,52,100,100
40,15,80,100,0,100
72,2516,67,79,100,0
4,667,74,56,100,100
5,777,63,88,50,0
16,220,99,99,100,100
77,1664,47,62,50,0
84,933,40,66,0,0
31,1142,62,53,50,100
92,2240,29,48,0,0
28,1183,58,64,0,100
59,2622,68,97,50,0
44,1232,36,43,50,0
39,811,78,80,50,100
77,343,58,96,0,0
55,2960,54,73,50,0
65,992,66,60,50,100
52,2129,28,47,0,0
1,1472,38,63,0,0
29,336,60,84,50,0
93,1596,60,67,100,0
45,1276,67,79,100,0
40,1208,47,78,0,0
94,1031,89,82,100,100
76,645,97,95,100,100
1,2472,24,40,0,0
32,1706,66,76,0,100
88,2605,67,61,50,100
61,1214,53,55,100,0
60,299,61,68,100,0
29,2263,67,45,100,100
42,234,93,89,100,100
90,454,74,56,100,100
2,384,46,77,0,0
8,1634,26,43,0,0
62,2164,58,96,0,0
84,694,78,97,0,100
53,2375,72,87,0,100
72,935,79,81,50,100
36,2910,49,82,0,0
95,1585,54,56,0,100
85,1570,29,49,0,0
4,1022,36,60,0,0
68,1883,37,45,50,0
11,591,62,86,50,0
32,2112,84,73,100,100
54,1778,49,82,0,0
60,2905,62,70,0,100
13,2270,51,52,0,100
10,733,55,59,100,0
21,961,80,100,0,100
23,84,79,98,0,100
26,1324,55,59,0,100
6,502,70,67,50,100
65,3032,49,49,100,0
82,1693,56,60,0,100
26,2679,90,83,100,100
32,1852,64,40,100,100
79,2886,41,52,50,0
43,1015,61,69,0,100
23,2347,67,95,50,0
49,886,61,51,50,100
54,1461,71,52,100,100
37,579,52,54,100,0
80,617,55,59,0,100
76,567,51,85,0,0
55,2406,43,55,50,0
97,2562,47,78,0,0
9,968,39,65,0,0
35,1003,88,80,100,100
77,503,40,67,0,0
27,2396,73,88,0,100
78,782,61,85,50,0
41,805,82,70,100,100
14,855,80,66,100,100
17,309,79,81,50,100
91,1677,99,98,100,100
77,241,69,65,50,100
29,896,76,93,0,100
36,2033,83,89,50,100
38,1166,29,48,0,0
38,1161,80,67,100,100
17,159,58,64,0,100
7,1357,96,94,100,100
75,1234,55,59,0,100
51,735,95,91,100,100
3,2855,93,89,100,100
1,249,75,58,100,100
92,2979,85,92,50,100
86,2426,80,67,100,100
49,2641,48,47,0,100
2,2920,57,62,100,0
52,1785,90,84,100,100
93,2665,88,80,100,100
55,2065,61,52,50,100
33,1747,47,45,0,100
25,1000,76,77,50,100
4,2287,71,68,50,100
59,990,60,66,100,0
11,2956,52,53,0,100
47,2948,98,96,100,100
4,2422,44,56,50,0
53,1201,48,64,50,0
19,517,54,74,50,0
75,309,61,69,100,0
83,2225,48,47,100,0
19,2895,69,99,50,0
2,2804,82,87,50,100
65,2502,55,91,0,0
38,999,73,89,0,100
72,186,62,70,100,0
84,456,66,44,100,100
37,1238,49,48,100,0
58,627,62,87,50,0
87,1996,45,75,0,0
51,1401,72,86,0,100
19,2922,79,99,100,0
16,1757,82,70,100,100
95,2946,86,76,100,100
24,524,38,64,0,0
75,2495,49,65,50,0
4,2997,60,66,100,0
10,1139,52,53,0,100
34,737,46,60,50,0
49,2893,52,70,50,0
80,1144,72,53,100,100
32,1078,39,49,50,0
33,950,38,63,0,0
37,2417,72,53,100,100
54,1428,54,90,0,0
27,1383,38,46,50,0
46,2334,76,93,0,100
1,2290,75,58,100,100
91,567,69,65,50,100
43,702,61,69,100,0
26,2734,67,45,100,100
57,776,52,53,100,0
63,234,46,77,0,0
32,2130,70,84,0,100
39,1376,47,62,50,0
51,384,46,60,50,0
38,827,46,43,100,0
60,289,87,95,50,100
56,1213,85,92,50,100
7,960,75,92,0,100
72,519,55,91,0,0
75,2149,71,52,100,100
81,107,86,77,100,100
62,2112,52,87,0,0
7,1118,37,61,0,0
74,1466,47,61,50,0
43,2643,59,98,0,0
67,409,62,70,0,100
35,861,77,95,100,0
10,1734,92,86,100,100
25,2161,70,50,100,100
97,780,76,77,50,100
69,1503,66,76,0,100
17,339,48,47,100,0
86,490,25,42,0,0
8,628,40,50,50,0
70,2328,65,91,50,0
66,1626,49,48,0,100
88,856,52,53,100,0
87,2601,68,97,50,0
39,2897,74,73,50,100
45,813,73,72,50,100
88,282,69,65,50,100
97,2962,76,93,100,0
19,2312,73,71,50,100
8,2269,65,59,50,100
69,2367,58,63,0,100
13,1117,51,52,0,100
42,1209,95,92,100,100
27,1750,58,46,50,100
28,554,52,86,0,0
27,495,52,54,0,100
63,2387,44,57,50,0
77,1061,25,42,0,0
32,797,28,46,0,0
88,488,45,41,100,0
93,2413,39,65,0,0
27,122,93,88,100,100
37,1392,54,90,0,0
92,36,46,77,0,0
60,1718,52,87,0,0
64,491,50,84,0,0
91,411,40,67,0,0
26,2323,53,89,0,0
4,2002,89,81,100,100
17,1713,68,80,0,100
27,2724,70,50,100,100
18,1993,30,50,0,0
32,1729,51,68,50,0
96,59,43,72,0,0
70,341,51,51,100,0
11,1816,95,92,100,100
48,370,75,75,50,100
62,1618,79,98,0,100
28,2844,77,95,0,100
84,1076,40,67,0,0
29,2251,89,98,50,100
38,58,78,80,50,100
93,1508,59,98,0,0
34,2256,51,51,100,0
88,2009,75,92,100,0
1,1466,46,77,0,0
87,124,75,91,0,100
73,72,64,73,0,100
85,2430,54,73,50,0
16,1916,86,77,100,100
45,1573,52,53,100,0
42,1336,72,86,100,0
11,2229,47,45,0,100
15,641,53,88,0,0
3,2402,85,75,100,100
95,1232,92,87,100,100
8,2728,69,65,50,100
35,2341,64,90,50,0
38,377,66,77,100,0
24,2599,29,49,0,0
26,1054,73,89,0,100
89,999,28,47,0,0
71,2813,31,52,0,0
69,2947,77,79,50,100
82,1218,42,54,50,0
79,1974,89,99,50,100
93,2034,49,49,100,0
11,171,36,60,0,0
16,287,99,98,100,100
41,2527,49,81,0,0
85,7,80,83,50,100
24,2674,73,89,0,100
28,2371,51,68,50,0
67,778,40,67,0,0
66,905,57,62,0,100
46,2253,87,78,100,100
67,2611,56,94,0,0
77,436,36,60,0,0
97,2390,69,48,100,100
12,2299,61,85,50,0
35,2691,50,83,0,0
24,2483,62,87,50,0
59,270,36,44,50,0
72,451,90,83,100,100
91,972,36,43,50,0
56,2248,36,44,50,0
61,106,52,54,0,100
3,542,77,62,100,100
97,60,98,96,100,100
32,1339,93,88,100,100
14,1560,27,45,0,0
85,1960,75,92,0,100
69,2309,35,59,0,0
69,1742,50,50,100,0
62,558,45,58,50,0
17,255,44,40,0,100
91,2811,56,60,100,0
51,1120,58,63,100,0
35,531,73,71,50,100
58,2578,97,95,100,100
34,2344,81,69,100,100
47,278,51,85,0,0
64,550,29,49,0,0
76,1307,45,41,100,0
83,33,56,93,0,0
9,1421,53,55,0,100
72,933,58,80,50,0
69,1961,65,58,50,100
57,821,80,84,50,100
10,1090,79,99,0,100
6,1243,28,46,0,0
56,2867,75,91,100,0
42,1467,90,83,100,100
16,628,60,67,0,100
65,1283,65,91,50,0
45,2133,42,54,50,0
31,2093,72,54,100,100
24,1798,78,97,100,0
36,7,58,63,100,0
44,419,74,56,100,100
41,683,52,54,100,0
25,1556,64,73,0,100
24,2440,70,84,0,100
19,1416,51,52,100,0
51,684,75,75,50,100
89,2035,51,51,0,100
55,720,93,88,100,100
44,1550,47,79,0,0
4,249,84,73,100,100
22,243,95,92,100,100
69,2905,78,80,50,100
34,908,75,75,50,100
42,2547,74,74,50,100
1,2735,75,59,100,100
72,2114,66,94,50,0
88,763,55,58,0,100
93,655,68,63,50,100
68,3001,84,74,100,100
93,2637,77,62,100,100
79,647,45,41,0,100
89,1512,52,54,0,100
78,377,85,75,100,100
10,1938,50,84,0,0
3,1604,49,82,0,0
34,373,37,61,0,0
94,1416,48,80,0,0
58,727,31,52,0,0
53,1487,46,60,50,0
77,2371,40,67,0,0
8,460,31,51,0,0
24,2519,41,69,0,0
26,2313,93,89,100,100
36,1973,64,40,100,100
33,2323,68,97,50,0
82,1990,74,90,100,0
9,431,67,45,100,100
46,1566,52,87,0,0
15,786,68,46,100,100
50,2137,50,84,0,0
84,2567,58,46,50,100
43,457,48,64,50,0
57,2950,58,63,100,0
42,2543,70,83,100,0
53,2627,60,67,0,100
56,1346,37,61,0,0
62,2303,86,94,50,100
51,55,27,45,0,0
55,667,50,67,50,0
43,2641,85,75,100,100
24,2161,24,40,0,0
18,2627,55,75,50,0
58,1431,48,46,0,100
26,2407,31,52,0,0
56,2555,86,93,50,100
48,468,78,96,0,100
70,2097,80,83,50,100
58,2081,48,46,0,100
35,600,76,76,50,100
59,2604,38,64,0,0
70,4,58,64,0,100
11,1220,82,86,50,100
34,2442,73,88,0,100
21,1822,79,99,100,0
7,2824,45,41,0,100
79,696,51,51,100,0
12,60,65,59,50,100
54,1050,70,66,50,100
70,2842,43,71,0,0
54,1936,83,72,100,100
29,2955,34,40,50,0
43,13,79,99,100,0
28,428,65,92,50,0
44,2940,32,54,0,0
1,2507,69,65,50,100
22,566,54,73,50,0
55,2853,62,86,50,0
62,277,39,65,0,0
37,2921,49,82,0,0
46,1799,99,98,100,100
87,1740,62,53,50,100
63,1068,46,77,0,0
78,1089,59,98,0,0
6,1691,82,86,50,100
96,293,73,71,50,100
57,3026,59,99,0,0
22,1960,54,73,50,0
75,1564,39,65,0,0
82,1456,29,49,0,0
5,2124,67,61,50,100
86,2077,56,94,0,0
72,1305,52,54,0,100
5,1320,56,60,100,0
72,2327,56,93,0,0
2,2729,72,87,100,0
55,1900,78,96,0,100
6,1171,73,72,50,100
17,585,32,54,0,0
29,2502,66,76,100,0
59,2154,73,71,50,100
35,381,91,85,100,100
96,2312,57,78,50,0
63,1934,33,55,0,0
48,2583,59,65,100,0
95,2622,88,96,50,100
51,1780,56,93,0,0
59,555,62,86,50,0
69,285,78,80,50,100
62,2619,67,61,50,100
90,1555,69,99,50,0
88,2671,28,46,0,0
60,1522,39,48,50,0
29,282,50,83,0,0
53,2320,66,60,50,100
78,1252,61,69,100,0
22,731,72,54,100,100
14,2165,47,61,50,0
24,507,84,74,100,100
14,1090,73,72,50,100
72,2143,79,82,50,100
4,2072,99,99,100,100
6,2946,72,87,0,100
24,2143,42,53,50,0
95,551,78,96,100,0
3,397,89,99,50,100
20,1919,85,92,50,100
56,1865,87,78,100,100
47,2010,66,43,100,100
44,61,93,89,100,100
7,2885,64,74,0,100
72,1042,47,79,0,0
93,2162,83,88,50,100
97,823,60,50,50,100
38,2745,51,51,0,100
8,541,100,100,100,100
58,385,61,52,50,100
52,2296,72,87,0,100
80,1692,56,76,50,0
27,2553,66,44,100,100
59,2055,35,58,0,0
19,1600,35,42,50,0
11,561,87,95,50,100
27,2101,72,87,100,0
31,2201,46,44,100,0
72,329,49,81,0,0
16,2760,59,99,0,0
96,1087,51,51,100,0
10,2825,98,97,100,100
20,686,55,58,100,0
38,99,75,92,100,0
40,1061,93,88,100,100
76,1488,66,43,100,100
64,1531,75,75,50,100
92,2509,53,88,0,0
82,2095,49,49,0,100
91,23,67,61,50,100
81,1070,46,60,50,0
87,439,66,77,0,100
59,2742,61,69,0,100
87,2428,25,42,0,0
15,267,24,40,0,0
16,182,69,48,100,100
91,659,78,97,100,0
29,2536,45,58,50,0
1,2411,65,75,0,100
75,1328,62,87,50,0
50,470,40,66,0,0
92,2324,54,57,100,0
59,1583,53,88,0,0
1,2698,76,93,100,0
65,2795,72,86,100,0
19,2491,89,81,100,100
96,2139,68,46,100,100
26,833,74,74,50,100
81,1431,72,86,0,100
17,381,71,68,50,100
79,2011,83,88,50,100
72,1831,53,89,0,0
31,1123,32,54,0,0
40,667,58,64,100,0
40,2741,79,98,0,100
32,248,63,71,100,0
94,2744,60,50,50,100
9,1108,49,65,50,0
42,1911,89,82,100,100
38,1439,60,67,100,0
14,2876,69,98,50,0
40,1550,69,82,0,100
73,31,50,66,50,0
59,632,86,76,100,100
84,1534,78,97,100,0
35,3012,61,69,100,0
56,332,49,49,100,0
97,583,38,46,50,0
76,997,59,99,0,0
71,2338,77,95,100,0
10,1340,66,76,0,100
40,1114,48,47,100,0
64,3044,55,41,50,100
77,2820,92,87,100,100
58,1086,52,53,100,0
71,2033,85,92,50,100
42,2560,61,85,50,0
59,1810,36,43,50,0
24,2060,51,68,50,0
39,1402,87,95,50,100
49,1433,29,48,0,0
46,2743,27,45,0,0
92,532,47,62,50,0
37,2345,85,92,50,100
82,2875,74,56,100,100
85,1032,55,91,0,0
79,370,61,85,50,0
77,2541,84,73,100,100
7,66,59,99,0,0
50,1329,79,65,100,100
88,2862,80,100,100,0
83,2350,78,64,100,100
92,1075,51,51,0,100
8,983,68,64,50,100
76,1160,57,61,0,100
23,2162,68,47,100,100
73,581,60,50,50,100
97,2537,53,72,50,0
83,2942,75,91,0,100
14,395,54,73,50,0
72,1093,46,76,0,0
38,148,51,52,0,100
67,1579,67,79,100,0
4,2964,72,86,0,100
60,3,58,96,0,0
40,1752,41,68,0,0
84,1804,40,50,50,0
41,1639,59,48,50,100
80,3005,67,79,0,100
55,2727,48,46,100,0
81,1170,47,78,0,0
50,2865,76,94,100,0
95,97,75,59,100,100
47,2879,83,72,100,100
10,2662,45,42,100,0
56,101,77,61,100,100
29,2770,57,62,100,0
76,2909,73,72,50,100
45,1377,51,69,50,0
57,188,57,62,100,0
86,2764,38,46,50,0
97,1622,60,83,50,0
53,2062,72,54,100,100
23,1450,55,58,100,0
7,786,57,95,0,0
96,1592,68,80,0,100
91,897,77,62,100,100
30,634,99,98,100,100
10,2372,28,46,0,0
61,45,52,53,100,0
31,2083,94,90,100,100
26,822,80,67,100,100
82,1325,61,85,50,0
67,1417,50,50,100,0
20,776,89,98,50,100
50,2720,30,50,0,0
79,1906,75,91,0,100
47,1363,76,76,50,100
31,390,44,57,50,0
79,2809,37,61,0,0
56,2197,75,59,100,100
1,591,50,83,0,0
34,2138,54,56,100,0
51,1102,59,48,50,100
15,2258,60,84,50,0
7,2701,77,61,100,100
31,1945,48,63,50,0
22,1074,69,81,0,100
39,1945,47,79,0,0
25,158,66,93,50,0
35,452,74,57,100,100
96,1104,68,46,100,100
50,406,60,67,100,0
62,413,98,96,100,100
84,299,63,71,100,0
54,1282,48,80,0,0
21,2280,46,43,0,100
12,397,60,84,50,0
40,2832,64,57,50,100
71,1829,68,80,100,0
37,1753,75,91,0,100
20,2054,39,48,50,0
83,824,77,78,50,100
87,2495,59,81,50,0
3,2802,78,63,100,100
1,853,79,82,50,100
85,246,32,53,0,0
21,457,62,70,0,100
81,466,71,68,50,100
41,1050,58,97,0,0
80,1284,44,40,0,100
59,2959,54,56,100,0
46,2213,54,56,100,0
73,825,68,47,100,100
87,195,55,91,0,0
20,589,45,58,50,0
20,1313,46,76,0,0
23,822,64,74,100,0
42,434,88,97,50,100
55,1127,65,58,50,100
81,1536,58,47,50,100
33,1640,85,92,50,100
12,763,25,41,0,0
10,2723,65,75,0,100
14,882,79,99,0,100
29,784,44,73,0,0
71,1137,64,74,100,0
3,2407,76,76,50,100
64,2452,49,81,0,0
20,1362,94,90,100,100
96,347,57,62,0,100
84,1401,81,69,100,100
29,1636,48,63,50,0
11,2298,61,68,0,100
38,2520,66,77,0,100
66,1702,47,61,50,0
46,1962,52,87,0,0
30,972,76,93,100,0
77,2857,64,90,50,0
68,170,57,62,0,100
28,1704,56,94,0,0
63,2300,59,98,0,0
90,851,52,70,50,0
94,1224,74,73,50,100
56,1777,59,98,0,0
93,124,66,77,100,0
65,2104,63,89,50,0
29,1541,69,48,100,100
34,1607,73,71,50,100
36,14,76,94,100,0
11,822,50,83,0,0
42,2275,83,72,100,100
59,2817,67,79,100,0
17,189,66,77,0,100
74,1663,62,53,50,100
50,2688,55,42,50,100
78,2867,63,71,100,0
43,846,79,99,0,100
58,2072,59,65,100,0
74,224,70,84,0,100
63,854,35,59,0,0
53,2348,40,50,50,0
63,1122,38,63,0,0
94,449,32,54,0,0
47,521,83,71,100,100
47,815,34,40,50,0
82,979,68,64,50,100
94,924,88,96,50,100
87,313,57,78,50,0
47,1226,64,90,50,0
91,1644,45,75,0,0
32,229,55,59,0,100
86,456,66,93,50,0
6,2866,66,77,100,0
22,2527,88,80,100,100
79,2736,62,54,50,100
56,829,38,63,0,0
66,2826,55,91,0,0
80,1961,28,47,0,0
72,1267,79,98,100,0
75,2227,40,66,0,0
80,2789,48,46,0,100
7,1698,53,72,50,0
73,2328,81,85,50,100
67,2722,66,76,100,0
43,745,86,94,50,100
97,847,86,94,50,100
77,1413,38,63,0,0
24,2621,33,55,0,0
62,1726,75,91,0,100
14,751,79,99,100,0
42,856,75,92,0,100
15,2038,69,82,0,100
80,424,40,66,0,0
65,2922,75,91,0,100
9,611,71,85,0,100
43,909,31,52,0,0
18,1228,63,89,50,0
81,1853,46,77,0,0
52,2562,90,100,50,100
47,1609,56,76,50,0
86,470,55,41,50,100
17,1228,47,45,0,100
10,1135,63,72,100,0
20,834,69,49,100,100
5,2691,50,50,100,0
46,2697,69,81,0,100
97,1299,59,98,0,0
78,922,45,75,0,0
65,1044,67,78,100,0
28,830,60,67,0,100
51,2848,72,86,0,100
24,2087,63,72,100,0
80,503,74,90,100,0
55,744,39,65,0,0
90,864,64,74,0,100
37,78,80,83,50,100
52,1619,96,93,100,100
49,1627,54,73,50,0
44,546,80,100,100,0
43,2755,65,58,50,100
2,2344,95,91,100,100
3,2608,55,92,0,0
12,40,51,51,0,100
23,1636,24,40,0,0
86,1542,93,88,100,100
67,18,69,99,50,0
76,2753,40,67,0,0
57,2029,40,66,0,0
12,888,88,96,50,100
43,593,79,99,100,0
91,2894,80,66,100,100
87,2163,62,53,50,100
70,124,72,86,0,100
63,2974,82,87,50,100
2,3024,59,48,50,100
43,3004,59,65,100,0
25,2213,68,47,100,100
61,1692,42,70,0,0
48,2660,65,58,50,100
5,581,56,93,0,0
43,163,65,75,100,0
68,2651,45,41,0,100
32,65,99,98,100,100
96,2974,46,44,100,0
70,1821,82,87,50,100
42,1423,69,49,100,100
90,388,35,41,50,0
25,2495,63,71,100,0
94,2163,45,58,50,0
31,1151,78,63,100,100
64,198,36,43,50,0
14,1791,62,70,0,100
87,1252,47,78,0,0
19,495,83,89,50,100
34,572,49,82,0,0
37,2875,89,99,50,100
63,2331,42,53,50,0
20,1977,61,69,100,0
72,113,78,96,0,100
96,1037,51,52,0,100
82,2835,99,99,100,100
53,20,78,63,100,100
73,2034,79,98,0,100
69,2665,68,80,0,100
80,2101,76,94,0,100
58,1367,71,69,50,100
95,1591,35,59,0,0
36,117,52,53,0,100
63,2777,54,56,100,0
58,163,36,43,50,0
39,429,64,73,100,0
38,2411,73,89,100,0
88,1092,56,76,50,0
12,2106,24,40,0,0
15,878,69,81,100,0
89,2699,43,55,50,0
9,2810,79,99,0,100
96,1559,66,77,0,100
47,1988,90,100,50,100
16,490,64,74,0,100
41,2493,46,60,50,0
79,2474,54,73,50,0
4,1470,75,91,0,100
67,1197,78,96,100,0
55,1192,83,88,50,100
63,475,64,73,100,0
23,1323,65,92,50,0
21,2033,45,75,0,0
87,982,86,77,100,100
58,1163,40,67,0,0
10,803,68,80,100,0
51,2120,77,95,0,100
71,1167,83,88,50,100
51,1936,53,55,100,0
47,907,35,58,0,0
58,1615,73,89,0,100
53,917,83,88,50,100
60,196,63,55,50,100
70,536,24,40,0,0
88,118,95,91,100,100
71,1724,60,66,0,100
85,1245,36,43,50,0
97,1107,54,57,100,0
51,1663,70,84,0,100
58,464,46,76,0,0
46,2810,70,83,0,100
71,136,38,63,0,0
27,280,49,81,0,0
2,299,74,57,100,100
74,142,64,73,0,100
19,418,63,72,0,100
91,1349,58,64,0,100
39,2373,44,73,0,0
52,2154,64,90,50,0
32,349,67,62,50,100
20,1449,35,59,0,0
40,337,65,92,50,0
7,1654,89,99,50,100
44,2844,78,96,0,100
52,1897,48,64,50,0
87,2232,46,76,0,0
37,2611,38,63,0,0
33,2494,75,75,50,100
70,2814,40,67,0,0
38,1188,84,90,50,100
38,942,69,82,100,0
9,2742,71,85,100,0
45,512,88,80,100,100
20,2482,44,56,50,0
43,1471,68,64,50,100
57,2405,57,79,50,0
22,1696,63,71,0,100
72,1728,37,62,0,0
70,1851,58,46,50,100
54,2405,67,79,100,0
95,221,79,99,100,0
27,3040,55,42,50,100
96,2959,83,72,100,100
6,629,37,45,50,0
22,974,29,49,0,0
22,2118,68,47,100,100
3,516,63,72,100,0
27,2958,57,62,100,0
56,453,52,70,50,0
19,3003,71,68,50,100
30,1518,56,44,50,100
55,1470,80,100,100,0
45,22,78,63,100,100
92,1997,77,78,50,100
77,1705,54,90,0,0
17,1862,28,47,0,0
47,1829,75,91,100,0
15,2535,57,61,100,0
55,1189,87,95,50,100
3,223,70,67,50,100
84,2736,56,76,50,0
40,1008,49,49,100,0
20,155,87,79,100,100
9,1376,24,40,0,0
20,994,44,74,0,0
29,2569,33,55,0,0
93,449,27,45,0,0
41,1619,44,40,100,0
68,1353,72,87,0,100
78,1523,78,96,0,100
73,295,31,52,0,0
57,2836,55,58,0,100
93,1764,61,69,100,0
74,1624,68,96,50,0
73,1395,71,85,0,100
1,1284,52,54,0,100
19,1037,62,86,50,0
14,1329,74,57,100,100
33,36,80,100,0,100
78,995,54,56,100,0
73,723,54,57,100,0
84,1297,29,48,0,0
62,999,31,51,0,0
31,571,55,58,0,100
90,536,89,81,100,100
96,829,81,69,100,100
68,1399,93,89,100,100
55,201,41,68,0,0
91,2090,60,83,50,0
23,2824,46,60,50,0
13,157,52,86,0,0
58,765,70,84,0,100
18,2647,32,54,0,0
68,643,34,56,0,0
76,1468,65,59,50,100
11,207,42,54,50,0
3,1912,32,54,0,0
49,1120,78,96,0,100
30,986,68,63,50,100
32,844,85,92,50,100
85,1167,43,71,0,0
90,1377,64,40,100,100
78,295,73,88,0,100
38,789,93,89,100,100
55,2314,73,55,100,100
16,2530,82,70,100,100
36,2672,86,77,100,100
58,1901,63,72,100,0
38,913,62,87,50,0
2,1128,35,58,0,0
44,1547,68,64,50,100
25,2778,45,42,100,0
19,1716,67,78,0,100
13,2750,56,76,50,0
9,425,68,96,50,0
79,241,77,61,100,100
5,712,28,47,0,0
62,311,35,58,0,0
92,1370,74,74,50,100
93,2412,28,47,0,0
6,2538,66,93,50,0
18,2661,56,44,50,100
69,2270,79,99,0,100
61,2085,49,49,0,100
9,1700,32,53,0,0
47,549,38,46,50,0
54,291,55,58,0,100
27,783,66,94,50,0
1,1065,53,71,50,0
31,1913,58,63,100,0
2,1874,42,70,0,0
27,1093,80,83,50,100
89,1833,55,92,0,0
42,2297,79,98,0,100
55,2659,29,49,0,0
59,719,44,73,0,0
21,1153,91,85,100,100
54,2107,80,66,100,100
89,449,74,57,100,100
73,853,52,54,0,100
4,338,47,79,0,0
15,2787,63,72,0,100
58,1655,66,77,0,100
78,41,90,83,100,100
27,1978,69,99,50,0
5,229,72,87,0,100
79,1564,47,61,50,0
38,3003,88,97,50,100
13,1070,46,44,100,0
23,1089,93,88,100,100
13,978,29,49,0,0
39,886,44,40,0,100
80,873,68,47,100,100
66,293,69,99,50,0
86,2691,68,80,0,100
9,2022,75,92,100,0
4,2566,56,60,100,0
33,449,79,99,100,0
38,356,60,67,0,100
62,451,55,91,0,0
65,2426,68,97,50,0
68,1446,78,64,100,100
53,608,78,64,100,100
68,2918,33,55,0,0
30,2113,44,74,0,0
24,1314,67,45,100,100
88,2102,92,87,100,100
8,865,78,64,100,100
77,2826,66,76,100,0
87,1208,39,65,0,0
59,372,63,55,50,100
96,329,53,89,0,0
66,1796,50,50,100,0
67,1703,34,57,0,0
58,1317,57,61,100,0
50,636,43,55,50,0
41,822,64,57,50,100
75,2997,60,83,50,0
81,814,62,54,50,100
51,2074,42,54,50,0
95,2576,78,80,50,100
25,2017,78,63,100,100
75,103,45,59,50,0
60,1251,83,89,50,100
94,863,77,95,0,100
28,371,61,52,50,100
35,1920,54,90,0,0
69,915,78,64,100,100
38,2022,54,40,50,100
15,1157,68,97,50,0
24,1100,72,86,100,0
41,2929,55,92,0,0
88,442,99,98,100,100
51,916,52,70,50,0
48,2155,60,100,0,0
75,1151,40,50,50,0
77,2757,34,40,50,0
66,1358,75,92,0,100
18,1772,34,57,0,0
13,1706,32,54,0,0
24,983,59,48,50,100
34,487,78,97,0,100
1,1138,46,60,50,0
69,467,45,41,0,100
53,2526,55,59,0,100
45,197,35,41,50,0
82,1627,70,66,50,100
96,1036,88,96,50,100
4,2340,31,52,0,0
27,880,56,44,50,100
62,767,55,59,100,0
60,2578,72,86,0,100
27,1606,48,46,100,0
89,2159,63,71,0,100
46,2309,61,68,100,0
9,1637,55,41,50,100
14,1902,95,91,100,100
67,1379,57,78,50,0
94,1901,48,47,100,0
74,1332,67,79,0,100
86,1197,61,52,50,100
42,1015,70,67,50,100
79,383,38,47,50,0
81,2233,82,87,50,100
58,2193,47,45,0,100
29,1143,69,48,100,100
11,340,35,58,0,0
89,1829,50,67,50,0
25,23,79,65,100,100
63,2308,59,48,50,100
10,2958,57,62,100,0
8,1542,34,57,0,0
18,317,41,51,50,0
20,445,56,44,50,100
35,1256,48,47,100,0
61,2095,25,41,0,0
31,1044,58,63,100,0
68,2415,58,63,100,0
95,1133,70,84,0,100
23,2918,49,49,100,0
59,656,44,57,50,0
19,54,54,56,100,0
76,2614,75,91,100,0
76,288,56,76,50,0
33,2132,58,63,100,0
70,1189,88,96,50,100
97,2462,45,41,0,100
11,104,78,63,100,100
84,403,65,42,100,100
37,2070,93,89,100,100
14,782,46,43,0,100
24,995,75,92,0,100
30,869,78,96,0,100
66,1908,79,99,0,100
35,2393,87,78,100,100
65,2416,69,82,0,100
42,1377,63,89,50,0
43,2279,75,59,100,100
56,2217,77,61,100,100
32,2802,63,71,0,100
42,1973,78,96,0,100
63,1618,46,77,0,0
60,1598,76,77,50,100
92,674,57,45,50,100
35,2276,89,98,50,100
91,2502,41,52,50,0
3,1909,73,89,100,0
42,2295,59,48,50,100
13,1023,64,40,100,100
43,1387,61,52,50,100
81,603,58,80,50,0
22,1071,97,95,100,100
87,526,55,91,0,0
7,2470,80,100,100,0
80,2091,57,95,0,0
93,1752,35,41,50,0
51,1443,67,95,50,0
48,1278,56,44,50,100
64,2500,63,72,100,0
45,347,93,88,100,100
39,775,86,77,100,100
21,496,95,92,100,100
54,2604,51,52,0,100
41,2867,55,41,50,100
32,1571,44,74,0,0
18,860,50,50,0,100
74,3026,69,48,100,100
3,2729,48,46,0,100
63,2475,35,42,50,0
67,493,52,87,0,0
44,2685,50,50,0,100
91,2743,64,56,50,100
75,3042,25,42,0,0
87,1850,64,74,100,0
97,2188,59,98,0,0
95,1002,66,77,0,100
49,2804,88,80,100,100
92,1682,78,64,100,100
24,778,77,62,100,100
5,97,68,80,100,0
26,1494,47,45,0,100
34,2815,55,41,50,100
58,427,41,68,0,0
70,2961,68,64,50,100
54,1878,54,57,100,0
7,2653,78,97,0,100
31,130,70,84,100,0
46,1513,40,67,0,0
60,2439,75,91,100,0
82,2701,67,79,0,100
49,3023,57,62,100,0
70,1795,57,45,50,100
94,2624,51,52,100,0
51,2690,79,99,100,0
28,1876,76,60,100,100
75,2461,64,73,0,100
20,1538,79,81,50,100
80,833,54,40,50,100
25,1496,85,75,100,100
50,2435,45,41,0,100
82,1703,73,89,0,100
2,1038,77,95,0,100
6,1625,87,79,100,100
92,2789,60,67,100,0
33,987,38,63,0,0
47,2553,51,52,100,0
26,1298,51,52,100,0
64,1751,87,95,50,100
20,2291,77,61,100,100
80,2577,28,47,0,0
77,2178,42,70,0,0
86,1163,65,75,100,0
77,2136,62,70,100,0
85,950,83,89,50,100
54,2565,42,70,0,0
86,111,24,40,0,0
49,2427,86,94,50,100
34,1354,75,59,100,100
74,2747,48,46,100,0
38,50,79,98,100,0
26,815,38,63,0,0
55,969,49,65,50,0
9,651,96,93,100,100
90,2239,75,91,0,100
85,1036,79,98,100,0
36,942,59,65,100,0
42,2406,69,81,100,0
13,1620,48,63,50,0
80,2495,90,84,100,100
88,804,64,56,50,100
60,2230,32,54,0,0
66,647,35,58,0,0
88,2549,33,55,0,0
30,2314,61,69,100,0
48,525,76,93,100,0
88,1021,42,70,0,0
91,1626,59,81,50,0
35,498,49,48,100,0
6,2997,100,100,100,100
35,533,74,56,100,100
63,1851,70,83,0,100
34,669,58,63,0,100
46,2092,60,83,50,0
37,2126,59,49,50,100
71,2733,61,52,50,100
83,143,51,51,100,0
33,1440,68,64,50,100
27,1816,65,41,100,100
47,1090,48,47,0,100
61,840,79,81,50,100
95,2631,36,60,0,0
53,812,62,86,50,0
7,1716,27,45,0,0
64,665,80,100,0,100
59,2766,48,63,50,0
11,508,65,75,0,100
85,2908,55,42,50,100
12,2988,75,91,100,0
5,1333,96,93,100,100
53,880,28,47,0,0
86,1541,64,90,50,0
46,1460,68,97,50,0
23,1356,74,90,0,100
10,2984,41,69,0,0
29,404,55,59,100,0
14,2054,59,99,0,0
69,889,56,76,50,0
86,796,44,57,50,0
36,2449,78,63,100,100
78,2150,45,41,0,100
11,1958,78,96,100,0
49,2787,88,80,100,100
46,2122,90,100,50,100
57,992,45,42,100,0
62,2313,85,91,50,100
42,387,76,93,0,100
86,342,80,100,0,100
37,2064,52,53,100,0
10,2481,56,44,50,100
36,1378,74,90,100,0
41,996,77,78,50,100
73,236,74,74,50,100
52,162,89,82,100,100
86,2978,70,100,50,0
95,1824,71,69,50,100
94,2235,57,79,50,0
62,336,72,86,0,100
64,2658,46,44,100,0
11,2657,35,58,0,0
86,3020,47,79,0,0
82,2175,45,58,50,0
94,1862,73,72,50,100
67,2583,51,52,100,0
26,773,89,98,50,100
38,2891,67,79,0,100
73,2587,81,85,50,100
82,2645,94,90,100,100
19,2052,69,49,100,100
10,2092,62,54,50,100
43,922,76,77,50,100
77,2914,59,49,50,100
69,1406,52,54,100,0
11,928,58,80,50,0
9,479,53,89,0,0
67,1693,48,64,50,0
70,519,76,94,0,100
18,390,38,63,0,0
64,2260,71,68,50,100
21,2410,68,97,50,0
20,219,74,73,50,100
83,2632,60,66,100,0
92,2513,63,55,50,100
28,2312,59,98,0,0
79,2106,49,49,100,0
67,41,60,83,50,0
17,3019,45,41,0,100
68,205,33,55,0,0
85,358,83,88,50,100
42,404,47,62,50,0
17,1149,61,68,0,100
32,1861,63,89,50,0
83,2124,39,49,50,0
11,841,73,71,50,100
13,1777,60,66,0,100
91,1875,43,71,0,0
66,198,26,44,0,0
28,1909,58,47,50,100
90,1791,69,49,100,100
92,2848,77,62,100,100
20,2242,84,73,100,100
66,445,35,58,0,0
87,1703,55,58,100,0
80,1329,86,93,50,100
14,1812,49,48,100,0
31,2717,88,96,50,100
47,617,42,53,50,0
30,2438,64,56,50,100
75,1296,89,98,50,100
72,188,74,74,50,100
92,2,78,80,50,100
39,735,67,62,50,100
49,150,56,76,50,0
16,1807,47,61,50,0
3,2662,41,68,0,0
14,2182,54,73,50,0
33,2596,70,66,50,100
44,488,45,42,0,100
55,2035,48,80,0,0
45,1118,51,51,0,100
17,2765,47,45,100,0
67,280,44,73,0,0
32,1886,68,64,50,100
5,259,99,98,100,100
55,1269,57,95,0,0
82,2282,46,43,0,100
48,3019,26,43,0,0
87,1316,37,62,0,0
43,2587,78,96,100,0
75,2158,56,76,50,0
70,2082,69,65,50,100
40,2003,50,83,0,0
20,298,43,55,50,0
2,2790,63,88,50,0
66,814,51,85,0,0
37,1948,35,41,50,0
92,726,61,51,50,100
13,2570,66,76,100,0
44,228,98,97,100,100
17,2127,29,49,0,0
7,2886,66,77,0,100
33,3012,75,59,100,100
79,2039,50,67,50,0
92,2845,65,91,50,0
58,2184,63,71,100,0
32,95,45,42,0,100
84,142,58,47,50,100
60,2926,85,75,100,100
65,2899,57,78,50,0
26,2581,46,77,0,0
22,120,47,45,0,100
37,2880,45,42,0,100
27,210,61,52,50,100
88,2463,85,91,50,100
74,2737,80,83,50,100
49,1149,70,83,0,100
63,2995,65,91,50,0
96,2744,35,58,0,0
77,2597,68,47,100,100
95,81,63,89,50,0
57,826,45,41,100,0
51,641,51,51,0,100
83,1941,75,92,100,0
1,2968,67,95,50,0
42,1714,73,72,50,100
95,729,95,92,100,100
69,1856,61,69,0,100
75,1015,38,47,50,0
47,2633,80,100,100,0
95,97,62,86,50,0
68,590,67,62,50,100
79,627,44,57,50,0
18,2307,26,43,0,0
66,1105,74,56,100,100
18,2829,69,48,100,100
92,1874,36,60,0,0
70,32,51,68,50,0
47,1145,60,66,0,100
83,1014,31,52,0,0
59,56,58,97,0,0
1,637,34,57,0,0
31,1094,73,72,50,100
54,1255,78,96,100,0
83,2278,63,71,0,100
82,290,45,42,100,0
5,24,34,40,50,0
71,2135,60,67,100,0
18,2400,74,73,50,100
42,1039,55,58,0,100
92,300,83,71,100,100
47,2534,90,83,100,100
28,1447,48,46,0,100
92,2879,39,48,50,0
93,803,73,71,50,100
48,2313,52,54,100,0
35,1915,45,75,0,0
14,702,63,72,100,0
61,1482,52,86,0,0
32,2869,44,73,0,0
13,436,51,68,50,0
84,2864,48,47,0,100
17,1721,63,89,50,0
24,1229,49,48,100,0
60,2828,71,85,100,0
94,735,56,44,50,100
53,2900,89,81,100,100
94,2245,66,44,100,100
57,2901,37,62,0,0
44,232,65,75,0,100
25,2034,29,49,0,0
39,2269,59,98,0,0
69,1707,78,64,100,100
32,3034,47,78,0,0
77,1262,57,61,100,0
23,1793,67,79,0,100
54,1646,73,71,50,100
80,1749,56,93,0,0
72,2364,100,100,100,100
15,661,71,68,50,100
91,3002,73,88,0,100
80,2384,40,67,0,0
73,1866,59,48,50,100
7,607,93,88,100,100
46,2287,55,59,100,0
64,2449,56,60,100,0
26,2643,45,41,0,100
86,2615,57,95,0,0
67,1152,45,59,50,0
24,858,50,50,0,100
95,1591,41,68,0,0
57,752,69,81,0,100
56,108,73,55,100,100
53,207,71,68,50,100
74,503,72,87,0,100
49,2813,46,44,100,0
49,475,90,100,50,100
28,1170,59,65,100,0
5,1320,58,97,0,0
23,1376,35,59,0,0
50,2246,51,69,50,0
4,2211,79,98,100,0
54,2245,75,92,100,0
42,341,51,69,50,0
73,2087,49,82,0,0
30,585,91,85,100,100
48,2149,49,48,0,100
31,1162,66,60,50,100
35,2425,55,58,0,100
44,1436,47,61,50,0
6,749,67,79,100,0
79,2288,77,79,50,100
31,1206,53,89,0,0
70,1281,93,88,100,100
82,1434,59,48,50,100
46,2344,77,78,50,100
70,57,58,80,50,0
81,714,73,88,100,0
32,1131,56,76,50,0
95,250,55,91,0,0
64,29,47,62,50,0
55,2186,58,46,50,100
54,843,69,99,50,0
30,1414,57,45,50,100
18,1762,76,94,100,0
80,1216,50,84,0,0
34,1922,56,94,0,0
52,1979,64,74,100,0
58,923,76,60,100,100
38,753,63,89,50,0
29,750,63,88,50,0
87,719,71,52,100,100
1,1875,77,79,50,100
8,2905,47,79,0,0
43,2327,82,86,50,100
89,1418,37,62,0,0
17,438,42,53,50,0
76,708,54,74,50,0
5,2130,71,85,0,100
66,1499,59,65,100,0
42,725,35,58,0,0
50,1664,35,42,50,0
78,124,99,99,100,100
54,2257,30,50,0,0
40,688,57,62,0,100
96,635,31,52,0,0
5,2709,57,79,50,0
95,1858,60,100,0,0
92,1979,68,47,100,100
19,681,75,58,100,100
9,1782,44,57,50,0
85,2631,44,74,0,0
17,1804,38,47,50,0
32,2240,41,69,0,0
39,2618,44,74,0,0
40,650,41,68,0,0
23,1021,52,87,0,0
68,2987,79,82,50,100
79,475,49,49,0,100
90,1791,97,95,100,100
81,3023,64,90,50,0
3,548,70,50,100,100
11,879,86,94,50,100
85,1691,76,60,100,100
60,1825,54,57,0,100
61,3,61,68,0,100
46,226,62,70,0,100
45,1356,50,50,0,100
86,35,73,88,100,0
56,150,42,53,50,0
47,2282,59,82,50,0
23,2360,52,53,100,0
20,2629,67,78,0,100
42,2675,65,92,50,0
86,2180,41,51,50,0
19,2212,49,49,0,100
26,2224,68,47,100,100
31,2251,76,60,100,100
17,2641,72,54,100,100
12,2332,56,76,50,0
66,367,34,56,0,0
90,73,69,81,100,0
97,1581,65,42,100,100
84,1443,57,61,0,100
42,2118,41,68,0,0
95,1498,80,100,0,100
81,2405,64,74,0,100
17,1965,83,89,50,100
51,2281,55,59,100,0
55,2359,81,69,100,100
76,1905,62,70,0,100
49,1371,70,66,50,100
2,2649,26,43,0,0
2,30,61,69,0,100
76,1749,52,53,100,0
48,1071,68,96,50,0
81,337,49,65,50,0
73,654,70,84,0,100
9,1193,65,59,50,100
34,2595,48,47,100,0
70,243,67,61,50,100
90,1483,45,42,100,0
69,422,36,44,50,0
79,422,77,95,100,0
58,1578,58,80,50,0
31,1248,86,93,50,100
33,1410,60,66,0,100
6,2105,78,80,50,100
10,1173,93,88,100,100
21,1040,98,97,100,100
44,1288,88,80,100,100
74,1890,52,53,0,100
65,2381,72,54,100,100
69,1765,38,46,50,0
39,2425,77,95,100,0
29,481,42,70,0,0
88,2380,49,49,0,100
48,1599,49,49,0,100
51,2323,41,69,0,0
64,2945,47,78,0,0
50,2064,94,90,100,100
23,1614,49,81,0,0
93,2211,80,100,100,0
40,293,35,42,50,0
82,2768,81,68,100,100
89,305,61,69,0,100
13,2749,53,88,0,0
76,2346,39,48,50,0
37,898,85,92,50,100
49,2444,26,44,0,0
33,1034,57,95,0,0
37,256,66,43,100,100
73,2126,67,79,0,100
71,625,68,97,50,0
94,821,56,43,50,100
10,485,38,47,50,0
3,1317,60,66,0,100
40,34,47,45,0,100
50,2546,50,50,100,0
50,982,53,55,100,0
54,2950,56,60,0,100
3,639,44,56,50,0
35,1943,74,57,100,100
65,1311,48,46,100,0
14,1772,78,96,100,0
93,2858,72,53,100,100
82,2072,87,78,100,100
51,608,83,89,50,100
42,910,51,52,100,0
91,663,73,71,50,100
40,876,78,97,100,0
82,740,59,49,50,100
13,263,54,56,0,100
66,869,76,76,50,100
9,2845,55,59,100,0
54,1839,68,46,100,100
19,2887,61,85,50,0
73,2953,61,68,0,100
64,2786,99,98,100,100
44,750,52,54,0,100
26,1492,58,96,0,0
84,153,65,59,50,100
24,2661,80,83,50,100
94,1616,58,46,50,100
71,98,40,50,50,0
71,321,71,68,50,100
5,35,56,44,50,100
27,1305,47,61,50,0
67,260,47,45,100,0
23,2715,69,99,50,0
42,1332,89,98,50,100
27,1232,70,84,0,100
3,493,31,52,0,0
2,1088,66,76,100,0
49,1741,52,53,0,100
42,708,76,60,100,100
31,2636,52,70,50,0
67,2438,46,43,100,0
95,2269,51,68,50,0
45,2941,79,99,100,0
5,886,35,42,50,0
84,1026,80,67,100,100
64,2790,68,64,50,100
86,558,77,61,100,100
76,2991,59,65,100,0
16,1153,55,58,100,0
2,3043,55,91,0,0
52,2370,71,85,100,0
34,203,91,85,100,100
94,1522,83,88,50,100
84,2682,93,89,100,100
92,557,51,52,0,100
80,2094,56,60,0,100
84,2879,62,86,50,0
47,694,90,84,100,100
70,2900,31,51,0,0
73,2779,70,83,100,0
78,96,80,100,0,100
76,1469,81,69,100,100
5,773,57,61,100,0
28,2378,75,92,100,0
50,1670,36,43,50,0
51,250,90,83,100,100
15,2745,85,92,50,100
4,1241,67,95,50,0
15,1596,32,53,0,0
41,1027,70,100,50,0
37,2710,54,57,100,0
50,1248,34,40,50,0
63,815,56,60,100,0
21,273,56,60,0,100
22,288,47,78,0,0
94,2285,49,81,0,0
23,91,75,91,100,0
29,155,78,63,100,100
69,2543,70,83,0,100
45,1804,96,93,100,100
36,1134,68,96,50,0
6,1922,58,47,50,100
48,2525,66,76,100,0
49,2199,65,41,100,100
2,528,64,74,100,0
27,544,80,83,50,100
43,1361,33,55,0,0
97,707,70,84,0,100
75,1863,75,92,0,100
30,1260,68,47,100,100
9,1839,56,43,50,100
40,2124,48,47,0,100
96,1664,32,53,0,0
70,1522,74,90,100,0
87,855,64,40,100,100
18,107,56,60,0,100
78,1309,85,75,100,100
94,177,50,67,50,0
59,404,41,52,50,0
86,2963,45,75,0,0
20,1901,50,50,100,0
13,81,47,45,100,0
59,1586,67,79,100,0
76,755,69,82,0,100
1,2647,52,53,0,100
61,2001,35,58,0,0
89,191,51,69,50,0
35,2900,87,78,100,100
10,589,97,95,100,100
39,2303,75,75,50,100
40,2868,45,42,100,0
88,1216,67,78,100,0
6,1336,90,100,50,100
13,2252,42,70,0,0
68,225,68,80,100,0
29,2513,75,91,0,100
26,1728,52,54,0,100
54,1071,68,80,0,100
26,1008,63,72,0,100
30,557,63,72,100,0
35,1221,94,90,100,100
28,1266,52,70,50,0
1,44,38,46,50,0
55,1546,55,42,50,100
84,1558,81,68,100,100
46,1992,80,84,50,100
10,2510,27,45,0,0
77,2467,51,52,100,0
2,690,66,94,50,0
36,1529,54,56,0,100
63,2617,77,62,100,100
15,638,71,51,100,100
63,2444,92,87,100,100
67,526,63,71,0,100
25,1600,46,60,50,0
37,2065,82,87,50,100
11,1112,57,79,50,0
2,1331,73,55,100,100
24,2661,36,44,50,0
14,533,57,61,0,100
29,2305,87,95,50,100
25,210,68,80,0,100
68,981,53,72,50,0
81,1741,76,77,50,100
16,2991,52,54,100,0
23,2954,52,54,100,0
1,1139,80,66,100,100
88,442,54,74,50,0
15,2611,55,41,50,100
50,273,56,44,50,100
61,1631,79,82,50,100
32,2613,57,61,0,100
65,1586,67,79,0,100
87,2897,34,57,0,0
45,2620,45,41,0,100
44,2080,59,81,50,0
22,1214,69,98,50,0
33,2725,67,95,50,0
8,1045,87,95,50,100
42,3036,52,86,0,0
31,1522,49,49,100,0
66,1138,83,89,50,100
21,46,77,95,100,0
57,583,44,56,50,0
94,698,42,53,50,0
6,828,71,51,100,100
59,1534,57,61,100,0
19,2885,90,84,100,100
95,2977,80,100,100,0
91,496,80,84,50,100
81,809,70,84,0,100
95,918,86,93,50,100
2,1410,77,78,50,100
41,1555,58,64,0,100
37,1520,44,56,50,0
1,2820,30,50,0,0
72,3044,97,95,100,100
80,255,71,69,50,100
80,2408,71,85,0,100
54,1472,42,70,0,0
76,1177,53,71,50,0
83,2253,74,74,50,100
91,1247,36,60,0,0
51,2520,48,46,0,100
65,544,25,42,0,0
16,725,63,72,0,100
11,781,63,72,100,0
19,409,74,90,0,100
7,667,69,99,50,0
82,1462,82,70,100,100
63,2660,46,76,0,0
84,1792,34,57,0,0
96,2718,78,96,100,0
11,1253,92,87,100,100
64,2173,66,76,0,100
40,1082,61,52,50,100
64,1796,78,97,100,0
6,1086,32,53,0,0
89,2551,61,52,50,100
87,2298,69,81,100,0
63,2566,90,84,100,100
29,1301,78,80,50,100
75,241,26,44,0,0
86,2366,55,41,50,100
70,2936,73,72,50,100
42,2512,58,63,0,100
72,2719,77,61,100,100
75,395,86,94,50,100
39,831,53,88,0,0
42,77,58,47,50,100
74,2121,62,70,0,100
2,179,35,42,50,0
73,451,55,91,0,0
50,2382,52,86,0,0
53,2343,73,89,0,100
87,914,65,41,100,100
33,1212,58,63,0,100
34,2073,48,80,0,0
69,283,75,59,100,100
73,1804,60,66,0,100
19,1022,73,89,100,0
45,2163,51,68,50,0
71,1173,78,97,100,0
2,2976,49,48,0,100
36,384,66,77,0,100
62,2785,99,99,100,100
35,159,41,69,0,0
43,2623,63,88,50,0
26,2309,78,63,100,100
95,259,34,56,0,0
33,679,66,93,50,0
55,1551,72,53,100,100
8,1231,46,43,0,100
5,549,73,89,0,100
88,2575,63,89,50,0
5,2863,76,94,0,100
86,1007,73,88,0,100
41,1938,45,75,0,0
37,1172,60,100,0,0
34,750,65,75,100,0
17,1531,43,72,0,0
48,1832,49,65,50,0
51,686,47,45,100,0
35,2345,96,93,100,100
63,459,37,45,50,0
68,2205,58,96,0,0
43,611,57,95,0,0
63,2406,38,47,50,0
55,103,42,53,50,0
79,166,31,51,0,0
46,2264,38,46,50,0
82,1675,43,72,0,0
4,1085,79,81,50,100
19,415,70,66,50,100
12,411,51,52,100,0
80,716,59,49,50,100
24,1817,79,82,50,100
44,1843,56,77,50,0
83,12,44,74,0,0
96,1572,60,66,100,0
6,1249,77,78,50,100
77,2923,93,89,100,100
75,2026,80,66,100,100
39,458,61,69,100,0
62,991,66,93,50,0
76,1387,75,75,50,100
45,2678,99,99,100,100
63,2033,100,100,100,100
70,1928,56,43,50,100
27,1473,71,52,100,100
26,1647,25,41,0,0
72,2475,72,86,100,0
60,22,42,70,0,0
27,2899,69,81,100,0
4,2694,55,59,100,0
29,462,40,50,50,0
62,2616,65,92,50,0
75,41,33,55,0,0
38,1073,80,84,50,100
28,645,86,77,100,100
95,1756,45,58,50,0
33,1543,31,52,0,0
77,2827,64,40,100,100
4,2514,59,81,50,0
3,3033,68,80,0,100
8,723,45,75,0,0
91,675,64,40,100,100
78,2311,66,94,50,0
33,552,56,60,100,0
14,204,86,93,50,100
13,2883,34,56,0,0
17,2459,45,75,0,0
68,2991,65,58,50,100
30,1812,71,85,0,100
23,1086,28,46,0,0
92,1178,45,58,50,0
17,2120,78,63,100,100
77,1384,68,96,50,0
62,2431,41,52,50,0
92,1637,36,60,0,0
3,1160,67,45,100,100
7,1340,69,82,100,0
49,3006,79,99,0,100
23,2763,52,87,0,0
2,1594,64,74,0,100
17,820,91,85,100,100
16,2571,32,54,0,0
73,212,54,74,50,0
3,109,78,64,100,100
58,1355,68,97,50,0
76,1280,76,94,100,0
31,1344,72,86,100,0
77,2429,48,64,50,0
41,1143,54,90,0,0
9,2141,63,55,50,100
5,1576,54,57,100,0
43,3039,63,88,50,0
48,560,76,93,100,0
76,2335,62,87,50,0
4,1284,79,81,50,100
21,2985,76,76,50,100
48,813,77,95,100,0
65,1775,45,59,50,0
42,460,56,43,50,100
74,778,28,46,0,0
51,1206,56,60,0,100
68,1183,74,74,50,100
13,1228,74,90,0,100
55,2588,75,91,0,100
63,2897,83,72,100,100
7,2782,54,73,50,0
62,1929,35,41,50,0
68,2075,47,62,50,0
7,1213,80,84,50,100
89,304,58,47,50,100
37,253,36,43,50,0
23,983,97,95,100,100
31,738,93,89,100,100
68,1376,41,68,0,0
61,1724,64,73,100,0
69,2207,29,49,0,0
26,707,76,93,0,100
56,438,46,43,0,100
84,1748,38,46,50,0
20,100,52,86,0,0
70,2418,71,68,50,100
1,406,77,79,50,100
35,1734,46,44,0,100
55,2183,64,73,100,0
62,2153,66,43,100,100
43,1177,65,41,100,100
24,739,37,62,0,0
92,853,55,58,100,0
24,1719,65,91,50,0
33,2501,75,59,100,100
36,1151,56,60,0,100
42,2360,36,60,0,0
67,2704,51,69,50,0
94,173,47,61,50,0
85,1292,55,42,50,100
80,2811,28,47,0,0
86,1703,37,61,0,0
97,2742,65,58,50,100
30,1874,46,60,50,0
40,1554,50,84,0,0
66,2925,63,71,0,100
91,1221,84,73,100,100
79,577,57,62,100,0
69,2947,64,56,50,100
66,807,80,100,100,0
81,1410,35,59,0,0
84,2528,84,90,50,100
49,2264,67,61,50,100
44,1313,77,95,100,0
48,2877,58,63,100,0
62,1250,65,75,100,0
39,2656,61,68,100,0
32,1163,66,94,50,0
57,1964,87,78,100,100
69,1343,65,91,50,0
43,296,70,50,100,100
83,843,66,93,50,0
23,2529,84,73,100,100
68,739,51,51,0,100
2,844,48,64,50,0
3,2589,45,75,0,0
87,2173,96,93,100,100
79,608,37,61,0,0
67,1231,64,40,100,100
91,11,89,99,50,100
19,781,45,41,100,0
14,2159,35,59,0,0
40,2540,63,72,0,100
97,200,55,75,50,0
14,2412,32,54,0,0
64,1103,54,74,50,0
14,1775,70,100,50,0
25,1579,67,78,100,0
95,2665,58,97,0,0
71,1545,26,44,0,0
44,1417,61,69,0,100
77,2995,57,62,0,100
40,1727,40,66,0,0
70,1538,37,45,50,0
39,817,43,72,0,0
44,2896,70,84,100,0
4,2120,72,70,50,100
8,206,72,87,100,0
97,36,98,97,100,100
67,2549,71,68,50,100
53,111,65,91,50,0
14,2707,92,58,92,58
42,2708,62,66,62,84
8,2710,71,67,71,67
87,2711,84,64,84,79
7,2712,60,68,60,68
50,2712,83,71,83,71
3,2715,60,74,60,65
17,2715,72,63,72,62
79,2715,83,65,83,61
81,2715,74,95,74,95
20,2716,93,91,93,95
79,2716,71,93,71,93
80,2716,82,90,82,82
58,2720,83,95,83,64
59,2723,84,68,84,75
86,2723,87,84,87,75
82,2724,75,75,75,95
62,2725,72,75,72,75
7,2726,87,68,87,68
9,2727,80,65,80,65
5,2728,95,70,95,70
60,2730,75,65,75,60
14,2731,91,59,91,59
30,2732,79,60,79,68
16,2733,80,62,80,80
15,2734,69,56,69,56
54,2736,65,66,65,74
39,2738,94,94,94,87
68,2739,80,61,80,60
87,2741,60,84,60,71
37,2744,66,91,66,73
79,2746,65,81,65,76
23,2747,71,92,71,71
5,2748,93,70,93,70
71,2748,75,69,75,68
14,2749,75,58,75,58
91,2750,74,81,74,71
88,2751,74,91,74,64
40,2755,76,68,76,78
39,2757,67,81,67,69
13,2759,83,60,83,60
83,2761,77,63,77,92
89,2761,70,83,70,67
48,2763,91,74,91,90
74,2763,79,69,79,65
44,2764,66,95,66,91
43,2765,71,65,71,89
84,2767,77,63,77,74
54,2768,62,63,62,72
72,2768,60,81,60,75
19,2769,69,86,69,63
89,2770,69,94,69,92
51,2771,88,89,88,76
33,2772,62,66,62,93
81,2773,95,60,95,73
86,2773,70,74,70,78
6,2774,67,70,67,70
13,2776,75,59,75,59
82,2776,67,78,67,83
4,2778,78,73,78,63
12,2778,74,60,74,60
48,2778,91,92,91,95
57,2779,61,84,61,89
18,2780,61,91,61,60
8,2781,91,67,91,67
72,2783,87,62,87,87
7,2784,72,69,72,69
2,2785,66,76,66,69
39,2785,60,60,60,84
80,2788,64,73,64,81
27,2789,78,68,78,75
39,2793,89,70,89,67
47,2794,91,91,91,61
4,2796,91,72,91,72
49,2796,65,80,65,71
76,2796,94,94,94,84
79,2796,88,67,88,95
93,2797,67,94,67,95
36,2801,62,64,62,80
17,2802,81,79,81,81
54,2804,68,79,68,70
12,2807,84,60,84,60
95,2808,60,70,60,66
55,2809,68,95,68,93
13,2811,62,60,62,60
43,2811,77,89,77,64
89,2811,92,95,92,72
73,2812,72,89,72,86
13,2814,93,60,93,60
70,2814,83,78,83,77
91,2815,68,77,68,65
74,2817,95,75,95,64
94,2817,67,70,67,87
44,2818,77,75,77,90
61,2819,67,60,67,68
53,2824,90,82,90,83
77,2828,90,92,90,71
29,2831,74,64,74,71
72,2831,61,90,61,84
56,2834,90,72,90,64
75,2834,84,66,84,85
34,2835,83,61,83,94
94,2836,63,67,63,68
37,2838,70,67,70,70
34,2840,65,90,65,69
80,2841,62,92,62,70
15,2844,85,56,85,56
9,2845,66,66,66,66
11,2846,83,62,83,62
51,2847,74,76,74,69
60,2848,72,64,72,66
63,2850,84,85,84,67
74,2850,92,62,92,83
20,2852,75,88,75,91
94,2854,68,74,68,74
25,2855,77,64,77,95
13,2858,88,60,88,60
76,2858,84,76,84,63
33,2859,70,77,70,64
66,2859,61,60,61,95
36,2860,85,76,85,79
59,2860,86,89,86,75
44,2861,71,94,71,74
34,2863,80,61,80,89
47,2863,73,61,73,79
59,2864,70,69,70,82
13,2866,83,60,83,60
55,2867,71,85,71,80
65,2867,63,81,63,80
33,2869,94,69,94,73
65,2871,63,63,63,77
86,2871,87,68,87,65
26,2872,71,89,71,67
86,2886,81,88,81,81
7,2887,83,68,83,68
45,2892,80,79,80,74
55,2892,93,89,93,86
93,2896,67,87,67,72
28,2897,71,64,71,77
30,2897,89,77,89,91
46,2897,80,79,80,93
89,2898,83,60,83,90
90,2899,74,64,74,91
40,2902,91,94,91,83
31,2907,94,63,94,95
29,2908,82,72,82,81
15,2909,77,57,77,57
62,2909,69,71,69,69
79,2910,87,72,87,81
27,2912,64,76,64,89
92,2915,85,95,85,69
43,2916,88,63,88,73
14,2921,71,58,71,58
8,2922,94,67,94,67
75,2922,65,91,65,82
68,2926,90,85,90,67
14,2927,95,58,95,58
41,2927,94,77,94,60
52,2927,85,70,85,78
52,2929,65,85,65,67
16,2930,93,82,93,93
85,2930,92,95,92,60
9,2932,95,65,95,65
60,2934,93,60,93,71
12,2936,63,62,63,62
45,2940,70,94,70,62
72,2941,90,75,90,69
53,2942,69,78,69,90
91,2942,69,92,69,79
69,2943,66,66,66,66
7,2948,79,68,79,68
49,2949,93,60,93,85
18,2950,86,63,86,71
44,2956,65,70,65,86
12,2957,80,61,80,61
60,2957,95,83,95,62
93,2957,91,87,91,63
31,2958,86,88,86,88
5,2963,69,71,69,71
53,2964,89,88,89,76
36,2966,84,73,84,86
94,2966,89,83,89,74
40,2967,61,61,61,64
61,2967,83,81,83,79
69,2967,68,67,68,87
19,2968,94,95,94,68
56,2969,83,64,83,73
96,2969,87,91,87,73
58,2971,80,71,80,94
90,2971,60,86,60,61
20,2972,92,64,92,64
56,2973,82,64,82,88
58,2975,74,62,74,68
8,2977,77,67,77,67
88,2979,75,68,75,62
81,2980,74,94,74,83
22,2981,73,92,73,69
57,2982,72,82,72,71
18,2985,61,92,61,72
63,2985,90,90,90,76
95,2988,67,80,67,65
82,2994,67,83,67,82
91,2994,87,86,87,88
38,2996,94,61,94,94
77,2998,86,71,86,72
18,2999,60,68,60,62
80,3000,68,65,68,76
37,3004,74,95,74,92
33,3005,65,95,65,88
1,3007,73,91,73,79
47,3007,66,90,66,80
84,3013,81,63,81,69
85,3013,76,71,76,63
55,3015,89,84,89,63
41,3016,92,63,92,79
16,3017,86,56,86,56
38,3017,69,77,69,78
39,3018,78,89,78,81
55,3018,73,92,73,89
61,3019,63,76,63,78
78,3020,71,64,71,79
25,3021,68,91,68,66
63,3022,61,61,61,81
29,3024,84,63,84,77
44,3024,94,73,94,82
73,3024,91,72,91,90
69,3025,73,77,73,86
57,3026,92,74,92,86
77,3026,78,95,78,69
92,3026,73,68,73,89
78,3027,65,73,65,71
32,3031,83,69,83,91
57,3032,70,68,70,84
14,3036,74,58,74,58
87,3036,81,94,81,77
68,3037,72,69,72,60
14,3039,61,57,61,57
88,3039,76,64,76,70
45,3041,94,65,94,76
46,3041,74,81,74,72
25,3042,95,89,95,81
45,3043,74,80,74,88
94,3043,84,67,84,69
32,3044,67,80,67,63
46,3045,76,64,76,70
12,3046,76,60,76,60
66,3047,67,90,67,73
86,3018,69,74,69,94
86,3019,82,72,82,91
85,3020,83,63,83,73
49,3021,85,80,85,76
90,3023,94,84,94,69
66,3024,92,56,92,56
70,3025,89,87,89,64
40,3026,67,84,67,66
86,3028,60,86,60,78
17,3029,92,61,92,90
34,3030,81,77,81,64
70,3031,63,72,63,60
85,3033,94,69,94,87
55,3034,74,75,74,94
64,3035,77,69,77,90
2,3037,84,72,84,72
27,3038,90,63,90,63
71,3039,85,73,85,77
26,3040,72,90,72,71
78,3042,78,69,78,62
87,3043,67,71,67,65
1,3044,86,73,86,83
11,3045,92,70,92,70
46,3047,87,78,87,94
53,3048,78,61,78,65
49,3049,75,94,75,95
20,3050,87,77,87,90
17,3052,82,92,82,73
36,3053,71,63,71,63
40,3054,74,70,74,70
41,3055,61,77,61,86
58,3057,60,77,60,87
63,3058,86,89,86,72
50,3059,77,80,77,73
90,3060,77,90,77,67
6,3062,94,84,94,64
48,3063,62,80,62,90
55,3064,62,66,62,90
89,3065,62,76,62,67
75,3067,94,66,94,71
22,3068,65,81,65,65
65,3069,67,65,67,65
70,3070,89,80,89,78
67,3072,85,68,85,68
4,3073,66,69,66,78
56,3074,90,78,90,60
20,3075,93,61,93,78
19,3077,70,63,70,63
41,3078,77,82,77,81
65,3079,70,93,70,67
4,3080,77,74,77,76
52,3082,82,88,82,94
90,3083,72,78,72,80
76,3084,62,90,62,84
83,3085,95,94,95,83
57,3087,83,87,83,90
68,3088,73,77,73,68
74,3089,70,62,70,69
76,3090,92,64,92,92
28,3092,64,69,64,62
79,3093,91,91,95,90
63,3094,86,75,86,61
88,3095,63,66,63,77
46,3097,95,69,95,67
71,3098,72,79,72,89
14,3099,86,60,86,90
62,3100,85,91,85,85
46,3102,95,76,95,73
60,3103,85,94,85,69
50,3104,86,72,86,72
41,3105,86,67,86,80
64,3107,83,85,83,64
58,3108,83,74,83,70
67,3109,64,75,64,63
81,3110,90,69,90,69
30,3112,69,88,69,89
48,3113,75,67,75,70
69,3114,67,85,67,77
9,3116,71,90,71,87
83,3117,68,92,68,83
59,3118,86,64,86,62
26,3119,70,68,70,68
59,3121,76,64,76,64
32,3122,75,79,75,92
52,3123,69,59,69,59
66,3124,95,81,95,84
20,3126,72,65,72,86
78,3127,83,95,83,93
1,3128,90,60,90,86
21,3129,86,89,86,74
73,3131,74,91,74,74
35,3132,87,77,87,77
79,3133,63,85,63,90
28,3134,87,79,87,84
32,3136,80,67,80,67
45,3137,95,63,95,63
68,3138,72,65,72,65
1,3139,68,82,68,62
84,3141,65,61,65,61
4,3142,94,63,94,63
28,3143,84,76,84,85
96,3144,78,89,78,73
41,3146,71,74,71,91
70,3147,65,82,65,71
1,3148,94,89,94,65
67,3149,84,69,84,69
27,3151,92,88,92,66
10,3152,86,62,86,66
68,3153,67,71,67,76
35,3154,82,65,82,65
76,3156,94,66,94,92
69,3157,92,66,92,90
76,3158,60,76,60,93
20,3159,83,63,83,92
55,3161,60,94,60,63
14,3162,60,78,60,90
42,3163,90,81,90,61
8,3164,70,70,70,62
87,3166,76,78,76,79
7,3167,92,60,92,60
50,3168,62,63,62,84
3,3169,82,80,82,92
17,3171,84,95,84,79
79,3172,92,83,92,84
81,3173,77,61,77,84
20,3174,79,82,79,68
79,3176,88,61,88,74
80,3177,63,61,63,78
58,3178,70,81,70,60
59,3179,66,91,66,63
86,3181,92,67,92,85
82,3182,75,75,75,89
62,3183,87,90,87,79
7,3184,94,66,94,66
9,3186,95,95,95,71
5,3187,67,75,67,70
60,3188,87,61,87,67
14,3189,67,95,67,74
30,3191,68,57,68,57
16,3192,65,67,65,62
15,3193,60,84,60,84
54,3195,61,89,61,74
39,3196,60,77,60,83
68,3197,67,81,67,86
87,3198,92,87,92,87
37,3200,60,83,60,63
79,3201,77,86,77,62
23,3202,60,74,60,65
5,3203,63,64,63,64
71,3205,60,72,60,74
14,3206,90,65,90,87
91,3207,65,85,65,69
88,3208,81,74,81,74
40,3210,79,81,79,75
39,3211,73,63,73,63
13,3212,80,90,80,91
83,3213,82,66,82,68
89,3215,81,76,81,79
48,3216,69,73,69,66
74,3217,92,72,92,63
44,3218,93,65,93,68
43,3220,95,93,95,70
84,3221,80,74,80,61
54,3222,78,60,78,60
72,3223,82,70,82,94
19,3225,69,93,69,63
89,3226,63,94,63,70
51,3227,74,60,74,72
33,3228,68,62,68,81
81,3230,66,60,66,60
86,3231,64,59,64,59
6,3232,82,63,82,66
13,3233,67,83,67,61
82,3235,81,90,88,93
4,3236,79,67,79,88
12,3237,85,74,85,85
48,3238,91,72,91,60
57,3240,62,59,62,59
18,3241,75,90,75,66
8,3242,61,95,61,61
72,3243,80,91,80,74
7,3245,62,64,62,73
2,3246,70,95,70,89
39,3247,92,86,92,65
80,3248,81,79,81,77
27,3250,66,79,66,86
39,3251,63,72,63,71
47,3252,77,84,77,77
4,3253,72,74,72,73
49,3255,69,67,69,67
76,3256,74,85,74,82
79,3257,65,62,65,79
93,3258,60,89,60,78
36,3260,75,74,75,87
17,3261,92,87,92,81
54,3262,89,84,89,89
12,3263,89,75,89,69
95,3265,93,62,82,90
55,3266,67,73,67,89
13,3267,73,76,73,89
43,3268,93,60,93,91
89,3270,87,64,87,71
73,3271,73,83,73,90
13,3272,63,83,63,91
70,3273,78,77,78,60
91,3275,77,67,77,61
74,3276,74,66,74,78
94,3277,95,90,95,84
44,3279,94,65,94,65
61,3280,90,74,90,63
53,3281,93,89,93,70
77,3282,90,69,90,65
29,3284,83,90,83,89
72,3285,81,72,81,64
56,3286,75,94,75,81
75,3287,90,71,90,81
34,3289,73,93,73,84
94,3290,95,70,95,78
37,3291,71,80,71,74
34,3292,73,90,73,85
80,3294,78,63,78,77
15,3295,75,72,75,89
9,3296,66,61,66,61
11,3297,92,91,92,69
51,3299,79,65,79,66
60,3300,95,78,95,80
63,3301,94,75,94,77
74,3302,75,77,75,88
20,3304,81,59,81,59
94,3305,88,91,88,82
25,3306,64,63,64,83
13,3307,74,83,74,64
76,3309,61,90,61,93
33,3310,72,68,72,73
66,3311,88,73,88,60
36,3312,85,80,85,75
59,3314,64,71,64,80
44,3315,71,74,71,81
34,3316,81,70,81,70
47,3317,78,81,78,83
59,3319,66,69,66,70
13,3320,78,66,78,84
55,3321,94,85,94,85
65,3322,63,85,63,81
33,3324,70,69,70,69
65,3325,62,68,62,66
86,3326,63,79,63,89
26,3327,69,63,69,84
86,3329,86,92,86,81
7,3330,72,69,72,84
45,3331,76,68,76,88
55,3332,64,75,64,72
93,3334,69,60,69,74
28,3335,84,85,84,86
30,3336,86,82,86,79
46,3337,94,92,94,74
89,3339,90,83,90,68
90,3340,64,84,64,91
40,3341,66,62,66,87
31,3342,69,75,69,83
29,3344,74,80,74,90
15,3345,86,64,86,67
62,3346,88,86,88,88
79,3347,85,89,85,80
27,3349,74,63,74,63
92,3350,61,60,61,75
43,3351,69,66,69,63
14,3352,61,92,61,62
8,3354,92,80,92,83
75,3355,66,94,66,66
68,3356,81,69,81,94
14,3358,73,61,73,66
41,3359,76,85,76,70
52,3360,76,63,76,89
52,3361,94,71,94,64
16,3363,74,89,74,71
85,3364,66,64,66,66
9,3365,76,88,76,92
60,3366,81,87,81,62
12,3368,61,60,61,76
45,3369,81,63,81,81
72,3370,72,79,72,82
53,3371,81,83,81,81
91,3373,74,91,74,64
69,3374,88,75,88,90
7,3375,81,71,81,71
49,3376,93,61,93,79
18,3378,65,93,65,85
44,3379,72,76,72,91
12,3380,60,77,60,93
60,3381,83,79,83,69
93,3383,80,90,80,92
31,3384,83,76,83,90
5,3385,77,63,77,67
53,3386,70,89,70,61
36,3388,79,70,79,77
94,3389,86,64,86,76
40,3390,79,61,79,90
61,3391,89,61,89,61
69,3393,76,60,76,65
19,3394,79,79,79,87
56,3395,62,90,62,80
96,3396,69,62,69,92
58,3398,76,91,76,62
90,3399,66,76,66,71
20,3400,81,90,81,81
56,3401,67,81,67,68
58,3403,86,73,86,80
8,3404,66,75,66,67
88,3405,70,71,70,71
81,3406,90,56,90,56
22,3408,91,65,91,65
57,3409,85,68,85,60
18,3410,60,60,60,67
63,3411,74,74,74,62
95,3413,93,65,93,91
82,3414,75,79,75,69
91,3415,65,75,65,68
38,3416,86,76,86,67
77,3418,73,74,73,70
18,3419,81,80,81,88
80,3420,70,93,70,85
37,3421,88,62,88,62
33,3423,68,73,68,75
1,3424,70,75,70,94
47,3425,65,63,65,63
84,3426,68,65,68,74
85,3428,73,74,73,73
55,3429,95,64,95,64
41,3430,69,68,69,94
16,3431,74,73,74,93
38,3433,92,74,92,64
39,3434,85,64,85,93
55,3435,61,62,61,91
61,3436,74,70,74,73
78,3438,71,79,71,94
